{
  "occupancy_file": "occupancy.bin",
  "grid_shape": [
    400,
    400,
    32
  ],
  "bounds": {
    "x": [
      -40.0,
      40.0
    ],
    "y": [
      -40.0,
      40.0
    ],
    "z": [
      -1.0,
      5.400000095367432
    ]
  },
  "voxel_size": 0.2,
  "occupancy_range": [
    2.272565247096736e-08,
    0.9998924732208252
  ],
  "source": "/Users/danya/vigt_viz/demo/artifacts_out/data_raw_once_snatch_000168_frame_003601/all/occupancy_grid.npz"
}
