{
  "occupancy_file": "occ_av2_(10,23)_400x400x32.bin",
  "grid_shape": [
    400,
    400,
    32
  ],
  "bounds": {
    "x": [
      -40.0,
      40.0
    ],
    "y": [
      -40.0,
      40.0
    ],
    "z": [
      -1.0,
      5.4
    ]
  },
  "voxel_size": 0.2,
  "occupancy_range": [
    1.4508362289333832e-09,
    0.9999958276748657
  ]
}